2026-10-06T16:02:19Z 11273, 11634, 52, 51.20, 0, 250.00
2026-10-06T16:02:29Z 21361, 1546, 63, 212.35, 100, 250.00
2026-10-06T16:02:39Z 21361, 1546, 67, 172.00, 100, 250.00
2026-10-06T16:02:49Z 21361, 1546, 69, 211.43, 100, 250.00
2026-10-06T16:02:59Z 21361, 1546, 71, 180.83, 100, 250.00
2026-10-06T16:03:09Z 21361, 1546, 73, 188.60, 100, 250.00
2026-10-06T16:03:19Z 21361, 1546, 75, 191.17, 99, 250.00
2026-10-06T16:03:29Z 21361, 1546, 76, 190.61, 100, 250.00
2026-10-06T16:03:39Z 21361, 1546, 77, 190.11, 100, 250.00
2026-10-06T16:03:49Z 21361, 1546, 79, 208.97, 99, 250.00
2026-10-06T16:03:59Z 21361, 1546, 80, 218.04, 100, 250.00
2026-10-06T16:04:09Z 21361, 1546, 81, 187.76, 100, 239.00
2026-10-06T16:04:19Z 21361, 1546, 82, 189.68, 100, 228.00
2026-10-06T16:04:29Z 21361, 1546, 83, 224.17, 100, 217.00
2026-10-06T16:04:39Z 21361, 1546, 83, 194.01, 100, 217.00
2026-10-06T16:04:49Z 21237, 1670, 81, 174.71, 98, 217.00
