2026-10-06T15:48:15Z 11273, 11634, 44, 50.08, 0
2026-10-06T15:48:25Z 18275, 4632, 54, 161.80, 98
2026-10-06T15:48:35Z 21345, 1562, 61, 194.84, 100
2026-10-06T15:48:45Z 21345, 1562, 64, 192.77, 100
2026-10-06T15:48:55Z 21345, 1562, 66, 218.88, 100
2026-10-06T15:49:05Z 21345, 1562, 69, 183.58, 100
2026-10-06T15:49:15Z 21345, 1562, 71, 186.43, 100
2026-10-06T15:49:25Z 21345, 1562, 73, 190.41, 100
2026-10-06T15:49:35Z 21345, 1562, 75, 195.21, 100
2026-10-06T15:49:45Z 21345, 1562, 76, 223.74, 100
2026-10-06T15:49:55Z 21345, 1562, 78, 187.91, 100
2026-10-06T15:50:05Z 21345, 1562, 79, 230.27, 100
2026-10-06T15:50:15Z 21345, 1562, 80, 191.83, 100
2026-10-06T15:50:25Z 21345, 1562, 81, 206.19, 100
2026-10-06T15:50:35Z 21345, 1562, 82, 187.29, 100
2026-10-06T15:50:45Z 21345, 1562, 82, 206.77, 100
2026-10-06T15:50:55Z 21345, 1562, 83, 169.88, 100
2026-10-06T15:51:05Z 21345, 1562, 83, 205.25, 100
2026-10-06T15:51:15Z 21345, 1562, 83, 196.35, 100
2026-10-06T15:51:25Z 21345, 1562, 83, 167.88, 100
2026-10-06T15:51:35Z 21345, 1562, 83, 163.40, 100
2026-10-06T15:51:45Z 21345, 1562, 83, 168.10, 100
2026-10-06T15:51:55Z 21345, 1562, 83, 188.71, 100
2026-10-06T15:52:05Z 21345, 1562, 83, 157.99, 100
2026-10-06T15:52:15Z 21345, 1562, 83, 202.34, 100
2026-10-06T15:52:26Z 21345, 1562, 83, 162.28, 100
2026-10-06T15:52:36Z 21345, 1562, 83, 180.75, 100
2026-10-06T15:52:46Z 21345, 1562, 84, 175.58, 100
2026-10-06T15:52:56Z 21345, 1562, 84, 180.90, 100
2026-10-06T15:53:06Z 21345, 1562, 84, 189.53, 99
