2026-10-06T15:54:46Z 11273, 11634, 54, 51.30, 0, 250.00
2026-10-06T15:54:56Z 18275, 4632, 63, 170.75, 98, 250.00
2026-10-06T15:55:06Z 21345, 1562, 67, 207.91, 100, 250.00
2026-10-06T15:55:16Z 21345, 1562, 70, 214.33, 100, 250.00
2026-10-06T15:55:26Z 21345, 1562, 72, 210.65, 100, 250.00
2026-10-06T15:55:36Z 21345, 1562, 74, 213.66, 100, 250.00
2026-10-06T15:55:46Z 21345, 1562, 76, 212.36, 100, 250.00
2026-10-06T15:55:56Z 21345, 1562, 77, 216.61, 100, 250.00
2026-10-06T15:56:06Z 21345, 1562, 78, 218.70, 100, 250.00
2026-10-06T15:56:16Z 21345, 1562, 80, 219.60, 100, 250.00
2026-10-06T15:56:26Z 21345, 1562, 81, 189.39, 100, 239.00
2026-10-06T15:56:36Z 21345, 1562, 82, 187.10, 100, 228.00
2026-10-06T15:56:46Z 21345, 1562, 82, 201.28, 100, 217.00
2026-10-06T15:56:56Z 21345, 1562, 83, 212.04, 100, 217.00
2026-10-06T15:57:06Z 21345, 1562, 83, 182.99, 100, 206.00
2026-10-06T15:57:16Z 21345, 1562, 83, 183.00, 100, 206.00
2026-10-06T15:57:26Z 21345, 1562, 84, 183.56, 100, 206.00
2026-10-06T15:57:36Z 21345, 1562, 84, 203.96, 100, 206.00
2026-10-06T15:57:46Z 21345, 1562, 84, 208.49, 100, 206.00
2026-10-06T15:57:56Z 21345, 1562, 84, 197.77, 100, 206.00
2026-10-06T15:58:06Z 21345, 1562, 84, 157.90, 100, 195.00
2026-10-06T15:58:16Z 21345, 1562, 84, 184.32, 100, 195.00
2026-10-06T15:58:26Z 21345, 1562, 84, 203.77, 100, 195.00
2026-10-06T15:58:36Z 21345, 1562, 84, 183.97, 100, 195.00
2026-10-06T15:58:46Z 21345, 1562, 84, 163.52, 100, 195.00
2026-10-06T15:58:56Z 21345, 1562, 84, 186.32, 100, 195.00
2026-10-06T15:59:06Z 21345, 1562, 84, 176.64, 100, 205.00
2026-10-06T15:59:16Z 21345, 1562, 84, 207.73, 100, 206.00
2026-10-06T15:59:26Z 21345, 1562, 84, 199.71, 100, 195.00
2026-10-06T15:59:36Z 21345, 1562, 84, 187.93, 100, 195.00
2026-10-06T15:59:46Z 21345, 1562, 84, 186.41, 100, 195.00
2026-10-06T15:59:56Z 21345, 1562, 84, 199.02, 100, 195.00
2026-10-06T16:00:06Z 21345, 1562, 84, 180.93, 100, 195.00
2026-10-06T16:00:16Z 21345, 1562, 84, 187.07, 98, 195.00
