2026/10/08 00:53:30.291, 11273 MiB, 11634 MiB, 53, 51.01 W, 0 %, 250.00 W
2026/10/08 00:53:40.294, 21345 MiB, 1562 MiB, 65, 182.05 W, 100 %, 250.00 W
2026/10/08 00:53:50.297, 21345 MiB, 1562 MiB, 68, 217.77 W, 100 %, 250.00 W
2026/10/08 00:54:00.300, 21345 MiB, 1562 MiB, 70, 207.81 W, 100 %, 250.00 W
2026/10/08 00:54:10.303, 21345 MiB, 1562 MiB, 72, 185.41 W, 100 %, 250.00 W
2026/10/08 00:54:20.306, 21345 MiB, 1562 MiB, 74, 178.17 W, 100 %, 250.00 W
2026/10/08 00:54:30.309, 21345 MiB, 1562 MiB, 76, 183.13 W, 100 %, 250.00 W
2026/10/08 00:54:40.312, 21345 MiB, 1562 MiB, 77, 230.93 W, 100 %, 250.00 W
2026/10/08 00:54:50.314, 21345 MiB, 1562 MiB, 79, 185.57 W, 100 %, 250.00 W
2026/10/08 00:55:00.318, 21345 MiB, 1562 MiB, 80, 209.85 W, 100 %, 250.00 W
2026/10/08 00:55:10.321, 21345 MiB, 1562 MiB, 81, 237.13 W, 100 %, 239.00 W
2026/10/08 00:55:20.323, 21345 MiB, 1562 MiB, 82, 195.63 W, 100 %, 228.00 W
2026/10/08 00:55:30.326, 21345 MiB, 1562 MiB, 82, 192.20 W, 100 %, 217.00 W
2026/10/08 00:55:40.329, 21345 MiB, 1562 MiB, 82, 181.04 W, 100 %, 217.00 W
2026/10/08 00:55:50.331, 21359 MiB, 1548 MiB, 81, 165.91 W, 98 %, 222.00 W
