2026/10/08 01:01:39.502, 11273 MiB, 11634 MiB, 82, 65.61 W, 100 %, 206.00 W
2026/10/08 01:01:49.506, 21345 MiB, 1562 MiB, 84, 189.02 W, 100 %, 206.00 W
2026/10/08 01:01:59.509, 21345 MiB, 1562 MiB, 84, 177.78 W, 100 %, 206.00 W
2026/10/08 01:02:09.511, 21345 MiB, 1562 MiB, 84, 201.40 W, 100 %, 195.00 W
2026/10/08 01:02:19.514, 21345 MiB, 1562 MiB, 84, 187.73 W, 100 %, 195.00 W
2026/10/08 01:02:29.517, 21345 MiB, 1562 MiB, 84, 173.80 W, 100 %, 195.00 W
2026/10/08 01:02:39.520, 21345 MiB, 1562 MiB, 84, 196.74 W, 100 %, 195.00 W
2026/10/08 01:02:49.522, 21345 MiB, 1562 MiB, 84, 194.01 W, 100 %, 195.00 W
2026/10/08 01:02:59.525, 21345 MiB, 1562 MiB, 84, 192.28 W, 100 %, 195.00 W
2026/10/08 01:03:09.527, 21345 MiB, 1562 MiB, 84, 190.51 W, 100 %, 195.00 W
2026/10/08 01:03:19.532, 21345 MiB, 1562 MiB, 84, 209.90 W, 100 %, 195.00 W
2026/10/08 01:03:29.535, 21345 MiB, 1562 MiB, 84, 202.44 W, 100 %, 195.00 W
2026/10/08 01:03:39.539, 21345 MiB, 1562 MiB, 84, 175.60 W, 100 %, 195.00 W
2026/10/08 01:03:49.541, 21345 MiB, 1562 MiB, 84, 170.28 W, 100 %, 195.00 W
2026/10/08 01:03:59.544, 21345 MiB, 1562 MiB, 84, 189.27 W, 100 %, 195.00 W
2026/10/08 01:04:09.547, 21345 MiB, 1562 MiB, 84, 157.78 W, 100 %, 195.00 W
2026/10/08 01:04:19.549, 21345 MiB, 1562 MiB, 84, 171.81 W, 100 %, 195.00 W
